a4,a4
AAA,AAA
AAU,AAU
AAU-a,AAU-a
ABC,abc
ACARS-ARINC,ACARS-ARINC
accis,accis
ace,ace
ACI,ACI
ACP,ACP-a
acp-ez,acp-ez,acp-ez-a
ACROSS,across
ADCP,ADCP,ADCP-u
ADF,ADF
adj,adj
ADR,adr
ADS,ads
ADsl,adsl
AEIF,AEIF
AEK,aek
AES,AES
AGSS,AGSS,AGSS-a,AGSS-u
AHP,AHP
ai,ai
AIDS,AIDS,AIDS-om
Aim,aim
AIRAC,AIRAC
AIRMET,AIRMET
AIS,AIS
AK,ak
AKP,AKP,AKP-a
AKP-EZ,AKP-EZ-a
AKS,AKS
al,al
Al2O3,Al2O3
ALGOL,ALGOL
ALM,alm
amco,amco
AMD,AMD
amps,amps
ANB,ANB
Andy,Andy
ANSI,ANSI
antibody,antibody
AOP,AOP
APEC,APEC,APEC-a
API,API,API-ja,API-ju
APIM,APIM
APL,APL
appendix,appendix
aptu,aptu
APU,APU
ARD,ARD,ARD-a
ARINC,ARINC
ARPA,ARPA
ARPANET,ARPANETa
ARR,ARR
ARS,ARS
ASCII,ASCII
asfu,asfu
ASH,ash
asn,asn
assp,assp
ATC,ATC
atm,atm
ATP,atp
atrac3,atrac3
ats,ats
ATV,ATV
AVO,AVO
AZO,AZO
AZOP,AZOP
AZTN,AZTN
b2b,b2b
baby,baby
bb,bb
BBB,bbb
BBS,BBS
bc,bc
BCD,BCD
BCG,BCG
BDP,BDP,BDP-a,BDP-u
be,be
BEA,bea
bea,bea-a
besi,besi
BIC,BIC
BiH,BiH
bio-key,bio-key
bl,bl
BMP,BMP
BMW,bmw
BNC,BNC
BND,BND,BND-a,BND-u
BNP,BNP,BNP-a
bobby,bobby
body,body
BOEL,BOEL
BP,bp
bpel,bpel
BPK5,BPK5
BPM,BPM
BPML,BPML
Britney,britney
brrr,brrr
brt,brt
BSE,BSE
C/m,C/m
cacm,cacm
CAD-CAM,CAD-CAM
cagr,cagr
cao,cao
CARDS,CARDS
CARNet,CARNet
CASA,casa
cbst,cbst
CCD,CCD
CCI,CCI
ccitt,ccitt
CCNR,CCNR
ccp,ccp
CD,CD,CD-a,CD-ima,cdu
cd,cd-u
cdma,cdma
CD-ROM,CD-ROM,CD-ROM-a,cd-romu
CDS,CDS
cds-,cds-
CDSP,CDSP
CE,CE
ceae,ceae
ceao,ceao
CECAF,CECAF-a
CEDEFOP,CEDEFOP
CEFTA,CEFTA,CEFTE
CEIOPS,CEIOPS
CEKA,CEKA
CENELEC,CENELEC
cept,cept
Cern,cern
cern,cern-a,cern-u
CESR,CESR
CFC,CFC
CFP,CFP,CFP-a
CFSP,CFSP
cg,cg
cgs,cgs
CGT,CGT
CH,ch,che
cheney,cheney
chessbuddy,chessbuddy
chip-moby,chip-moby
CHOH,CHOH
chsn,chsn
CIA,cia,CIA­e
CID,CID
CIF,CIF
cis,cis
CISID,CISID
CITES,CITES
Cl,Cl
cla-,cla-
CLAES,CLAES
CLIMAT,CLIMAT
cmea,cmea
CMOS,CMOS
CMR,CMR
cms,cms
CMYK,CMYK
CNC,CNC
cnit,cnit,cnit-a
CNN,cnn
co,co
COA,coa
cobol,cobol
com,com
comms,comms
COMPASS,compass
COPA,COPA
CORDIS,CORDIS
COREU,COREU
Corp,corp
cosac,cosac
COSAC,COSAC-a
COX,COX
cp,cp
cpa,cpa
CPITN,CPITN
CPU,CPU,CPU-om,CPU-ove,CPU-ovima
CPV,CPV,CPV-a
cray,cray
CREST,CREST
CRL,CRL
croacia,croacia
csd,csd
CSI,csi
CSKA,cska
CSP,CSP
css-,css-
cst-,cst-
CSU,csu
ctrl,ctrl
CUDA,CUDA
Cup,cup
currency,currency
cybersex,cybersex
d.o.o,d.o.o
DAB,DAB
DAI,dai
das,das
dax,dax
day,day
dB,dB
db2,db2
DBA,DBA
DBMS,DBMS
DC,DC
dcp,dcp
dcu-,dcu-
dd,dd
DDR,DDR
DDT,DDT
DE,DE
DECT,dect
deg,deg
DEK,DEK
DEN,den
DES,DES
DFP,DFP
DG,DG
DH,dh
digex,digex
DIMAS,DIMAS
DIP,dip
dipl,dipl
Direct,direct
DISS,DISS
dj,dj
DLG,DLG
DLI,DLI
DLP,DLP,DLP-a
DME,DME
DML,DML
dmtf,dmtf
DNA,DNA
dne,dne
DNK,DNK,DNK-a,DNK-u
doc,doc
doh,doh
DOP,DOP
DOS,dos,DOS-a
dosje-x,dosje-x
DPA,dpa
DPP,DPP,DPP-a
dr,dr
DRYS,DRYS
DSS,dss
DTM,DTM,DTM-a,DTM-u
DTMF,DTMF
dtnc,dtnc
dutch,dutch
DUZS,DUZS
DVD,dvd
dvd,dvd-u
dx,dx
dxce,dxce
dxceh,dxceh
dxcr,dxcr
DZIV,DZIV
DZM,DZM
DZNS,DZNS
DZS,DZS
DZZP,DZZP
DZZZ,DZZZ
e,e
EAEC,EAEC
eaes,eaes
EAGF,EAGF
EAGGF,EAGGF,EAGGF-a
eai,eai
EBRD,ebrd
EC,EC
ECAM,ECAM
ECB,ecb
ECRI,ECRI
ECTS,ECTS
ECU,ECU,ECU-a,ECU-e,ECU-ima,ECU-u
ecu,ecu-i
EDF,EDF
edg,edg
EEC,EEC
EEZ,EEZ,EEZ-a,eezu,EEZ-u
EFES,EFES-a
EFIS,EFIS
EFJP,EFJP,EFJP-a
EFMS,EFMS,EFMS-a
EFSA,EFSA,EFSA-e,EFSA-om
EFSJP,EFSJP-a
efta,efta
EFTA,EFTA-a,EFTA-e
egb,egb
EGNOS,EGNOS
EGP,EGP,EGP-a,EGP-u
EGSO,EGSO
EHF,ehf
eib,eib
EICHEL,EICHEL
EIP,EIP
ejb,ejb
EK,EK
ekg,ekg
EKLJP,EKLJP
EKS,EKS
elec,elec
em,em
EMC,emc,EMC-ovi
emcd,emcd,emcd-a
emcf,emcf
EMEP,EMEP,EMEP-a
emergency,emergency
EMF,EMF
EMI,emi,EMI-a,EMI-em,EMI-ja,EMI-jem,EMI-ju,EMI-u
ems,ems
EMS,EMS-a,EMS-u
EN,EN
enea,enea
en-hr,en-hr
ENP,ENP
EP,EP-a,EP-u
EPFRR,EPFRR,EPFRR-a
EPH,eph
EPIRB,EPIRB
epo,epo
eppo,eppo
EPR,EPR
eprom,eprom,eprom-a
EPS,eps
EPU,EPU-a
EQS,EQS
er,er
erdf,erdf
ERDF,ERDF-a
ERM,erm
erp,erp
ERTA,ERTA
ES,es
esa,esa
ESB,ESB,ESB-a,ESB-om,ESB-ov,ESB-u
ESC,ESC
escb,escb
ESDP,ESDP
esf,esf
ESF,ESF-a
Esl,esl
ESO,eso
ESOI,ESOI
ESOP,ESOP
esp,esp
ESR,ESR
esro,esro
ESSB,ESSB,ESSB-a,ESSB-om,ESSB-u
est,est
ETC,ETC
ETF,ETF
etl,etl
ETOPS,ETOPS-i
etuc,etuc
ETZC,ETZC
EU,EU,EU-a,EU-om,EU-u
EUL,eul
EUMM,EUMM,EUMM-om
eures,eures
EURIBOR,euribor
EUR-Lex,EUR-Lex
EURODAC,EURODAC
EUROMAFOR,EUROMAFOR
EUROMARFOR,EUROMARFOR
EZ,ez,EZ-a,EZ-u,EZ–u
EZAE,EZAE,EZAE-a,EZAE-u
EZAE-EURATOM,EZAE-EURATOM
EZUČ,EZUČ,EZUČ-a,EZUČ–a,EZUČ-u
f12k,f12k
FADEC,FADEC
FAO,fao
fax,fax,faxova
fc,fc
fc-al,fc-al
fcc,fcc
fco,fco
FEA,fea
fedex,fedex
FGIS,FGIS
FIFA,FIFA,FIFE
fifg,fifg
FIFG,FIFG-a
FIS,fis
FL,FL
FM,fm
FMC,FMC
FMS,FMS
fnd,fnd
fnrj,fnrj
FOB,fob
FOS,FOS
FOSM,FOSM
fox,fox
FOXP2,FOXP2
FP,FP
Fr,fr
fra,fra
FSAP,FSAP
fsb,fsb
FSF,FSF
ft,ft
FTF,FTF
FTIR,FTIR
FTP,ftp
FTS,FTS,FTS-a,FTS-e,FTS-u
fv,fv
g,g,goga
GABA,gaba
gainey,gainey
GAMET,GAMET
GAP,GAP
GASE,gase
GATT,gatt,GATT-a
Gauss,gauss
gay,gay
gb,gb
gc75e,gc75e
gc79,gc79
gc83,gc83
GCC,GCC
GCI,gci
GDI,gdi
GDP,GDP
gđa,gđa,gđe,gđi,gđom,gđu
gđica,gđica
GEMS,GEMS
GEOREF,GEOREF
ggf,ggf
ghz,ghz
gib,gib
GIF,gif
GISCO,GISCO
gl,gl
gljivice,gljivich
Gmbh,gmbh
GMDSS,GMDSS
GMRES,GMRES
GNSS,GNSS
gosp,gosp,gospima
gould,gould
gov,gov
GP,GP
GPA,GPA
GPRS,gprs
gprs,gprs-a
GPS,gps
gr,gr
Gradec,gradec
gramm-leach-bliley,gramm-leach-bliley
grey,grey
GSE,gse,GSE-a,GSE-om,GSE-u
gsi,gsi
GSM,GSM-a,GSM-u
gsm1800,gsm1800
GSMA,gsma
GT,GT
GTO,GTO
guid,guid
HAA,HAA
Had,had,Hadem,Hadu
HANFA,HANFA
HB,HB
HBH,HBH
hbh-,hbh-
hbh600,hbh600
hbm-,hbm-
HBOR,HBOR,HBOR-a
hca,hca
hca-,hca-
hcb,hcb
HCH,HCH
hch-,hch-
HDC,HDC
HDL,HDL
HDSSB,HDSSB,HDSSBa,HDSSB-a
HDTV,HDTV
HDZ,hdz,HDZa,HDZ-a
HE,HE
HeCd,HeCd
HEMT,HEMT
henley,henley
HEP,hep,HEP-a
HERA,HERA,HERA-e
hewitt,hewitt
HF,HF
HHI,HHI
hi-fi,hi-fi
highway,highway
HINA,HINA,HINE,HINI
HIPC,HIPC,HIPC-u
HIV,HIV,HIV-a,HIV-om
hiv,hivom
HIV/AIDS,HIV/AIDS
hkl,hkl
HMI,HMI
HMM,HMM
HMW,HMW
HNB,hnb,HNB-a
HNS,hns,HNS-a
HO,HO
HOK,HOK
HP,hp,HP-a,HP-om
hPa,hPa
hphc,hphc
HPLC,HPLC
hpm-,hpm-
hpr-,hpr-
hps-,hps-
HPV,HPV
HR,hr,HR-a
hr,hrima
hrms,hrms
HRN,HRN
HRT,HRTa,HRT-a,HRT-u
hrw,hrw
HS,HS
HSA,HSA
hscd,hscd
HSLS,HSLS,HSLS-a
HSS,hss,HSSa,HSS-a
HSU,hsu,HSU-a
HTML,HTML
HTV,htv,HTV-a,HTV-u
HVIDRA,hvidra,hvidre
HZN,HZN
IAAF,iaaf
IAEA,IAEA,IAEA-e
IAS,IAS
IASB,IASB
IATA,IATA
IBAN,IBAN
IBC,IBC
IBM,IBM,IBMa,IBM-a,IBMov,IBM-ova,IBM-u
IBSFC,IBSFC-a
ICAO,ICAO-a
icc,icc
ICES,ICES-a
ICO,ICO
idc,idc
IDEAS,IDEAS
ide-i,ide-i
idii,idii
IDS,ids,IDS-a
IEE,IEE
IFA,IFA
ifc,ifc
IFR,IFR
ifrs,ifrs
ift,ift
IFTS,IFTS,IFTS-u
IGH,IGH
IHN,IHN
II,II
iig,iig
IIR,IIR
ILO,ILO,ILO-a
IMCD,imcd
imcd,imcd-a,imcd-om,imcd-u
IMO,IMO,IMO-a
IMSL,IMSL
INAO,INAO
inc,inc
Incoterms,Incoterms
inf,inf
internet-m,internet-m
Interview,Interview
IOO,IOO
IPA,IPA
IPC,IPC
IPPC,IPPC
IPS,IPS
IPSN,IPSN,IPSN-a
IPV,IPV
IPX,IPX
IRB,IRB
IRS,IRS
is,is
IS,IS-a
ISA,isa
ISD,isd
ISDN,isdn,ISDN-u
ISDX,ISDX
ISE,ise
ISK,ISK
isk-,isk-
ISM,ism
ISP,isp
ISPA,ISPA,ISPA-e
ISPS,ISPS
ISQ,ISQ
isv,isv
it,it
itd,itd
itd.,itd.
ITER,ITER
ITM,ITM
ITU,itu
IVIP,IVIP
J,J
J/kg,J/kg
j200i,j200i
j2me,j2me
JAA,JAA
jay,jay
JAZU,jazu
jcd,jcd
jd,jd
jdbc,jdbc
JDK,JDK
JHA,JHA
JHP,JHP
JKP,JKP
JNPP,JNPP-a
jpeg,jpeg
JPP,jpp
JRC,JRC
jsp,jsp
JVD,JVD
K/s,K/s
K-15,K-15
k500i,k500i
k700,k700
k750,k750
KBC,KBC,KBC-a
kbr,kbr
KEP,KEP
KeV,KeV
KFW,KFW
kg,kg
kg/m,kg/m
KHV,KHV
Klanjec,Klanjec
km/h,km/h
km/s,km/s
km2,km2
know-how,know-how
kom,kom
kpa,kpa
KPD,KPD,KPD-a
Kraków,Kraków
krc,krc
KTI,kti
KVG,KVG
kWh,kWh
l/min,l/min
lady,lady
LAFTA,LAFTA,LAFTA-e
LAN,LAN-a
lb,lb
LC,LC
LCD,lcd
lds,lds
lindsay,lindsay
lm,lm
LMA,LMA
ln,ln
logis,logis,logis-a,logis-u
lp,lp
LS,LS
LSD,lsd
Ltd,ltd
LU,LU
lx,lx
m/s,m/s
M1,M1
M2,M2
M3,M3
MAN,MAN
MANOVA,MANOVA
max,max
mccartney,mccartney
me,me
MEI,MEI
MEP,MEP
MeV,MeV,MeV-a
MF,MF
MFA,MFA,MFA-a
MFI,MFI-a,MFI-i,MFI-ja
MGRIP,MGRIP
MHB,MHB
MIPBG,MIPBG
MJROG,MJROG
MK,MK
MKS,MKS
MLO,MLO
mlrd,mlrd
mm2/s,mm2/s
MMF,MMF,MMF-a,MMF-u
mmHg,mmHg
MMTPR,MMTPR
mn,mn
MOBIMS,MOBIMS
MOMSP,MOMSP
monoecia,monoecia
MP,MP
mp3,mp3,mp3-ove
MPa,MPa
MPEG,MPEG
MPI,MPI
MPPV,MPPV
MPŠ,MPŠ
MPŠIVG,MPŠIVG
mr.sc,mr.sc
mRNA,mRNA
MRO,MRO,MRO-a,MRO-e,MRO-i,MRO-ima,MRO-om
MRSS,MRSS
MSFI,MSFI
MSP,MSP
MT,MT
MTK,MTK
MUO,MUO
mV,mV
MVPEI,MVPEI
mw,mw
MZOPUIG,MZOPUIG
MZOS,MZOS
MZOŠ,mzoš
MZSS,MZSS
NA,NA-i
NACE,NACE,NACE-a
NAP,nap
NATO,NATO,NATO-a,NATO-om,NATO-u
NAVTEX,NAVTEX
NCAK,NCAK
NDO,NDO
NDR,NDR
NF,NF
NH,NH
NHPh,NHPh
NIMBY,NIMBY
NISO,NISO
NIST,NIST
NKP,NKP
NMR,NMR
NN,NN
NOTAM,NOTAM-ima
NP,NP
NPIP,NPIP,NPIP-a
NPK,NPK
n-p-n,n-p-n
npr,npr
npr.,npr.
NPT,NPT-a
NPU,NPU
NPV,NPV
nr,nr
NSB,NSB,NSB-a
NUTS,NUTS,NUTS-a
NUTS-u,NUTS-u
nymex,nymex
nj.v,nj.v
o.m,o.m
OAPEC,OAPEC
OCR,OCR
odasvud,odasvud
OECD,OECD
Oesterreich,oesterreich
OH,OH
ohr,ohr
OIE,OIE,OIE-a
OLAP,OLAP
ole,ole
ONP,ONP
OOH,OOH
OPEC,OPEC-a
OPP,OPP
OPV,OPV
ORM,ORM
OSCE,OSCE-a
OSS,oss,OSS-a
OŠ,oš
OTA,ota
OTV,otv
ou,ou
ow,ow
OZO,OZO
p.n.e,p.n.e
p4,p4
p800,p800
p900,p900
p910,p910
Paddy,paddy
PAL,PAL
paratethys,paratethys
parip,parip
pars,pars
PB,pb
pbx,pbx
PC,pc,PC-a,PC-e,PC-ima
PCB,PCB,PCB-a,PCB-e,PCB-i
pc-em,pc-em
pcm,pcm
pcmcia,pcmcia
pcs,pcs
pd,pd
pdc,pdc
pdp,pdp
pdp-,pdp-
PDSP,PDSP
PDU,PDU,PDU-a
PDV,PDV,PDV-a,PDV-u
PE,PE
pe2650,pe2650
PEN,PEN
PERT,PERT
PETN,PETN,PETN-a
PGS,PGS
pH,pH
phm,phm
Phoenix,Phoenix
php,php
PIF,pif
PIN,PIN,PIN-ova,PIN-ovi
pin,pinovi
PINA,PINA
pistacia,pistacia
playnow,playnow
PLM,PLM
PME,PME
PMF,pmf
p-n,p-n
p-n-p,p-n-p
PNR,PNR
policy,policy
posvud,posvud
potrjebuj,potrjebuj
PP,PP,PP-a
PPC,PPC
PPD,PPD
PPK,PPK
ppm,ppm
prečace,prečace
prestrm,prestrm
prid,prid
prijatel,prijatel
prix,prix
proanp,proanp
proizv,proizv
prosedeu,prosedeu
proxy,proxy
PS,PS
psc,psc
psft,psft
PSO,PSO
PSP,PSP,PSP-a
PSS,PSS
ptd,ptd
PTSP,ptsp
PTT,ptt
PU,pu
PUECH,PUECH
PUO,PUO
PUZ,puz
pv,pv
PVC,PVC,PVC-u
q1,q1
q2,q2
qc,qc
QR,QR
QRS,QRS
Q-T,Q-T
R,R
r3g,r3g
RAI,rai
raich,raich
rainbow,rainbow
RAMS,RAMS
rapm,rapm
ray,ray
RCA,RCA
rdbms,rdbms
RDS,rds
REACH,REACH
recbcd,recbcd
records,records
redox,redox
reggae,reggae
REGOS,REGOS
reis,reis
review,review
RGB,RGB
RH,rh
RISC,risc
RK,rk
RLO,RLO
rm,rm
rman,rman
roads,roads
row,row
rowley,rowley
rRNA,rRNA
RS,rs
rs-,rs-
RSA,RSA
RTGS,RTGS,RTGS-a
RTL,rtl
RTV,rtv
ruhr,ruhr
rwa,rwa
rx,rx
s.h.s,s.h.s
S.S.S.R,S.S.S.R
s700,s700
SAD,SAD,SAD-a,SAD-om,SAD-u
Sandwich,Sandwich
sandy,sandy
SAO,salim,SAO
sao,salome
SAP,sap
sap,sap-a
SAPARD,SAPARD
sarbanes-oxley,sarbanes-oxley
SARS,SARS
satnet,satnet
SB,SB,SB-a
sbhs,sbhs
sc,sc
SCCNFP,SCCNFP
SCCP,SCCP
SCE,SCE
SCG,SCG
scm,scm
scsi,scsi
SD,sd
SDA,SDA,SDA-a
SDAH,SDAH,SDAH-a
SDD,SDD
SDE,SDE
sdm,sdm
SDP,SDP,SDPa,SDP-a,SDP-e
SDR,SDR,SDR-a
SDS,sds
SDSS,SDSS,SDSS-a
SDURS,SDURS
SDUU,SDUU
SDUUDI,SDUUDI
se-,se-
SEC,SEC
SECI,SECI
SEE,SEE
seebay,seebay
Seiscrop,Seiscrop
semc,semc
SEPA,SEPA
servlets,servlets
SEUA,SEUA
SFRJ,SFRJ
shimp,zzzz
shs,shs
SHU,shu
sicg,sicg
SIGMET,SIGMET
SiH,SiH
SITC,SITC
SIU,SIU
six,six
skinhedsi,skinhedsi
SKU,sku
sl,sl
SLIM,SLIM
SME,SME
SMp,smp
SMP,SMP-ovi
SMS,sms,SMS-a
sn,sn
SNB,SNB
SNOWTAM,SNOWTAM
SNS,sns
SO,so
SOLAS,SOLAS
SOLBES,SOLBES
SP,sp
sp6,sp6
SpA,SpA
SPARC,sparc
SPC,spc
SPD,spd
spears,spears
SPec,spec
SPP,SPP
SQL,SQL,SQL-u
sql,sql-a
SR,SR
SRC,src
SRJ,srj
SSL,ssl
SSP,ssp,SSP-a
SSR,ssr
sss,sss
st,st
Stabex,Stabex
Stanley,Stanley
stc,stc
STCW,STCW
STEE,STEE
STL,STL-a
STn,stn
str,str
stroncij-90,stroncij-90
sunday,sunday
survey,survey
sust,sust
suvag,suvag
sv,sv
SVC,SVC
svud,svud
swallow,swallow
SWIFT,SWIFT,SWIFT-a,SWIFT-ova,SWIFT-ove,SWIFT-u
SWIFTNet,SWIFTNet-ovoj
syncml,syncml
SYNOP,SYNOP
syst,syst
šbis,šbis
Šiauliai,Šiauliai
šuft,šuft
t,t
t290,t290
t290i,t290i
t310,t310
t616,t616
t618,t618
t628,t628
t630,t630
t637,t637
t9,t9
TAC,TAC-a,TAC-ova,TAC-ovima,TAC-u
tac,tacu
TACIS,TACIS-a
talkinglinux,talkinglinux
TARGET,TARGET
TARIC,TARIC
TBC,TBC
tbr,tbr
TCP/IP,TCP/IP
tdm,tdm
TECDOC,TECDOC
technology,technology
tel,tel
TEM,TEM
TEMP,TEMP
TEN-T,TEN-T
TEU,TEU-a
tev,tev
TFW,TFW
THORN,THORN
THz,THz
TIF,TIF
TIG,TIG
tj,tj
tj.,tj.
tlb,tlb
tlm,tlm
tomax,tomax
tomorrow,tomorrow
toolkit,toolkit
TP,TP
tpc,tpc
tp--c,tp--c
tpc-c,tpc-c
tpmc,tpmc
TSE,TSE,TSE-a,TSE-om
TT,TT
ttt610,ttt610
tusc,tusc
TV,TV
tvc,tvc
tzv,tzv
tzv.,tzv.
UEAPME,UEAPME
UEU,UEU
UEZ,UEZ
UFEU,UFEU,UFEU-a
UHF,uhf
UHT,UHT
UI,UI
UK,UK
UKV,UKV
uldb,uldb
UML,UML
UN,UN,UN-a
unc,unc
UNCRD,UNCRD
undp,undp
UNEP,unep
UNHCR,UNHCR
Unicef,Unicef
unitedlinux,unitedlinux
unix,unix,unix-u
UNIX,UNIX-a
unm,unm
upc,upc
UPS,ups
ur,ur
uran-233,uran-233
uran-235,uran-235
URL,URL
USAID,USAID
USB,usb
USD,usd
USS,USS-a
USV,USV
UTM,UTM
UTS,UTS
UV,UV
ux,ux
v020103,v020103
v1,v1
v120103,v120103
vad,vad
vakc,vakc
vax,vax
vcd,vcd
verisign,verisign
vertex,vertex
Vezuv,vezuv
VFR,VFR
VGA,VGA
VHF,vhf
VHS,VHS
Vichy,Vichy
vics,vics
vidEU,videu
VIES,VIES
vim,vim
VIP,VIP
VLF,VLF
vmd,vmd
VMS,VMS
VNP,VNP
vo,vo
VOLMET,VOLMET
VP,VP
vpd,vpd
VPIP,VPIP
vs,vs
VSEPR,VSEPR
vsm,vsm
VSP,VSP
VSS,VSS
VTS,VTS
WAP,wap
wap,wap-a
way,way
wbem,wbem
WC,WC,WC-a,WC-u
wcdma,wcdma
wdp,wdp
wfp,wfp
WHO,WHO,WHO-a
whql,whql
wifi,wifi
winfax,winfax
wing,wing
woods,woods
workflow,workflow
WTA,wta
WTC,wtc
WTO,wto,WTO-a,WTO-u
ww,ww
www,www
x960,x960
xiotech,xiotech
xml,xml
xp,xp
xss,xss
XX,XX
xxyy,xxyy
z600,z600
z608,z608
ZALM,ZALM
zbrd,zbrd
ZCT,ZCT,ZCT-a
ZEU,ZEU,ZEU-a,ZEU-om,ZEU-u
zg,zg
zgos,zgos
Zgrebec,Zgrebec
ZHN,ZHN
zi,zi
ZIC,ZIC
zip,zip
zn,zn
ZND,znd,ZND-a
ZOI,ZOI
zoo,zoo
ZOP,ZOP
ZOS,ZOS
ZOZP,ZOZP
ZP,ZP-ovi
ZPD,ZPD
ZPP,ZPP
ZRN,ZRN
ZTP,ZTP
ZVDU,ZVDU
ZVSP,ZVSP
